カードのタイトル,年,月,日,カードのナンバー,出来事の概要,画像ファイル名,画像情報
宇宙移民政策開始,0001,,,1,地球連邦政府は、増えすぎた人口対策として宇宙移民政策を開始。これにより宇宙世紀が始まる。,No (1),"Crowded Earth cityscape, vast space colonies under construction, rockets launching into space, symbolizing the start of human migration."
ラプラス事件発生,0001,1,1,2,地球連邦首相官邸「ラプラス」が爆破され、初代首相らが死亡。貧困青年サイアムが「ラプラスの箱」を発見。連邦政府はテロと断定し反政府運動を弾圧。後の紛争の陰謀と象徴となる出来事。,No (2),"Laplace incident, explosion of the Earth Federation Prime Minister's residence 'Laplace' in low orbit, a young man searching for remnants finding a mysterious box, chaotic scene, space view."
ジオン・ズム・ダイクン誕生,0009,,,3,宇宙移民の権利と自治を提唱するコントリズム（後のジオニズム）の祖となるジオン・ズム・ダイクンが誕生。後の歴史に大きな影響を与える人物。,No (3),"Portrait of a wise-looking man, perhaps young, against a starry background or colony interior, serious expression."
木星エネルギー開発船団再編,0010,,,4,木星のエネルギー資源開発を目的とした船団が再編される。後の木星圏との関わりの始まり。,No (4),"Large space fleet, ships with mining or energy collection equipment, distant view of Jupiter."
フロンティア開発移民移送局設立,0016,,,5,地球連邦政府が宇宙移民を推進するための組織を設立。初期の移民政策の制度化。,No (5),"Official building facade (futuristic), people queuing or boarding transport ships, bureaucratic atmosphere."
初のコロニー建設開始（L1付近）,0022,,,6,地球と月のラグランジュ点L1付近で最初のスペースコロニー建設が始まる。宇宙空間での居住エリア拡大の第一歩。,No (6),"Large cylindrical structure under construction in space, scaffolding, construction vehicles, Earth visible in the distance."
初の月面都市フォン・ブラウン完成,0027,,,7,月の恒久的な居住都市であるフォン・ブラウン市が完成。宇宙移民の生活圏が月面にも拡大。,No (7),"Futuristic city on the lunar surface, domes or sealed buildings, vehicles on the moon, Earth visible in the lunar sky."
移民移送局民営化,0030,,,8,宇宙移民を扱う政府組織が民営化される。移民政策における政府の役割の変化を示唆。,No (8),"Exchange of documents, handshake between government official and corporate figure, corporate logos, symbolic transition."
宇宙移民人口50億人突破,0040,,,9,全人類の40%にあたる50億人以上が宇宙に移民。宇宙での生活が一般的になる。,No (9),"Visual representation of population distribution, many colonies visible, perhaps contrasting with a less populated Earth."
小惑星ジュノー月軌道に配備,0041,,,10,小惑星ジュノーが月軌道に移動。後に軍事拠点ルナツーとなる。,No (10),"Large asteroid being moved by tugs or propulsion systems, Earth and Moon in background."
地球人口110億人、エレズム発生など,0044,,,11,地球人口がピークに達し、半数が宇宙へ。地球聖地主義（エレズム）発生。サイド3が自治を宣言。モビルスーツの概念が提唱される。,No (11),"Crowded Earth city, contrast with space colonies, people protesting or giving speeches about Earth or space, conceptual drawing of a mobile suit."
ジオン・ズム・ダイクンがコントリズム提唱など,0045,,,12,ジオン・ズム・ダイクンがコントリズムを提唱し、宇宙移民の権利を主張。ジュノーがルナツーと改名。サイド3でミノフスキー物理学の研究が進む。,No (12),"Zeon Zum Deikun speaking to a crowd in a colony, asteroid labeled 'Luna Two', scientists in a lab with diagrams."
コントリズムとエレズム融合、MS-01完成,0046,,,13,宇宙移民の間でコントリズムとエレズムの思想が混ざり始める。ジオンが最初の実用モビルスーツMS-01を完成。連邦もMS開発計画（RX計画）開始。,No (13),"Group of people discussing, early blocky mobile suit prototype in a hangar, scientists working on plans labeled 'RX Plan'."
宇宙移民人口90億人突破,0050,,,14,宇宙移民人口が90億人に到達。地球圏の総人口の大部分が宇宙に生活拠点を移す。,No (14),"Vista of numerous space colonies surrounding Earth, highlighting the vast number of immigrants."
連邦政府が新規コロニー建設凍結を発表,0051,,,15,地球連邦政府が新規のスペースコロニー建設を停止。宇宙移民の不満が高まる原因の一つとなる。,No (15),"Government building with official announcement posted, disappointed or angry faces of space immigrants."
ジオン・ズム・ダイクン サイド3移住、ジオニズムへ,0052,,,16,ジオン・ズム・ダイクンがサイド3へ移り住み、コントリズムがジオニズムと呼ばれるようになる。ジオンはモビルスーツMS-05ザクIを完成させる。,No (16),"Zeon Zum Deikun arriving at a colony, crowd welcoming him, early Zaku I mobile suit."
ジオン・ズム・ダイクン サイド3首相に,0053,,,17,ジオン・ズム・ダイクンがサイド3の首相に就任。政治的な影響力を強める。,No (17),"Formal ceremony in a government building, man being sworn in, official looking attendees."
ブッホ・ジャンク設立、ミノフスキー炉開発,0055,,,18,ブッホ・ジャンク社が設立され、後のフロンティア・サイドの基盤となる。ジオン、連邦双方がミノフスキー・リアクターを開発。,No (18),"Junkyard in space or colony, piles of scrap metal, engineers working, diagram of a reactor."
宇宙移民の連邦政府への不満高まる,0057,,,19,新規コロニー凍結など、地球連邦政府の政策に対し宇宙移民の不満が募り、後の対立の火種となる。,No (19),"Crowd of people in a colony square, holding signs, looking frustrated, news screen showing official announcements."
サイド3 ジオン共和国として独立宣言,0058,,,20,サイド3がジオン・ズム・ダイクンを首班とするジオン共和国として独立。ジオン国防隊発足、MS-06ザクII配備開始など軍事力を増強。,No (20),"Flag raising ceremony in a colony, declaration being read, Zaku II mobile suits in formation, military academy building."
連邦政府 ジオン共和国に経済制裁,0059,,,21,地球連邦政府がジオン共和国に経済制裁を実施。独立したサイド3への圧力を強める。,No (21),"Political figures in a meeting room, tense negotiation, documents being signed, representing economic conflict."
キャスバル・レム・ダイクン誕生,0059,,,22,後のシャア・アズナブルとなるキャスバル・レム・ダイクンが誕生。宇宙世紀の歴史に深く関わることになる。,No (22),"Infant or young child with striking eyes, perhaps in a crib or being held by a woman, soft lighting."
連邦軍 70年代軍備増強計画実行など,0060,,,23,地球連邦軍は軍備増強計画を開始。ルナツーを軍事基地化。ジオン軍士官学校が初の卒業生を輩出。,No (23),"Diagrams of military plans, ships and bases being built or upgraded, graduates in uniform marching."
アルテイシア・ソム・ダイクン誕生,0062,,,24,後のセイラ・マスとなるアルテイシア・ソム・ダイクンが誕生。ダイクンの娘として数奇な運命をたどる。,No (24),"Infant or young child, similar style to Char's birth image but different child, perhaps with a slightly more serene expression."
連邦政府 サイド3への経済圧力強化,0063,,,25,地球連邦政府はジオン共和国（サイド3）への経済的圧力を一層強める。対立が深まる。,No (25),"Meeting of stern-faced government officials, map with Side 3 highlighted, documents labeled 'Sanctions'."
ミノフスキー物理学提唱、ダイクンvsザビ家,0065,,,26,ミノフスキー博士がミノフスキー物理学の理論を発表。ジオン・ズム・ダイクンとザビ家の権力闘争が表面化し始める。,No (26),"Scientist in a lab coat pointing to complex diagrams, two stern figures (Deikun and Zabi) in a confrontation or debate, contrasting images."
連邦政府 コロニー自治整備法案を棄却,0067,,,27,地球連邦政府は宇宙移民コロニーの自治権を認める法案を否決。移民側の不満と不信感が決定的に高まる。,No (27),"Official stamp or seal on a document marked 'Rejected', frustrated faces of colony representatives."
ジオン・ズム・ダイクン死去、ザビ家権力掌握,0068,,,28,ジオン・ズム・ダイクンが死去（暗殺説）。デギン・ソド・ザビが首相に就任しザビ家が権力を掌握。ダイクン派とザビ派の対立が激化。,No (28),"Figure lying still, shadowy figures nearby, stern-faced man taking a leadership position, political maneuverings depicted."
ジオン共和国、公国へ移行,0069,,,29,ジオン共和国が公国制へ移行し、デギンが公王に。ザビ家が権力を確立し、ダイクン派を粛清。ミノフスキー粒子の存在が確認される。,No (29),"Coronation ceremony, flag being changed from Republic to Principality, figures fleeing or being arrested, diagram of Minovsky particles."
連邦軍備増強、ジオン技術開発進む,0070,,,30,連邦軍は艦隊を増強（サラミス級、マゼラン級就役）。ジオンはミノフスキー応用核融合炉とメガ粒子砲の試作機を完成。サイド7建設のためルナツーが移動。,No (30),"EFSF warships (Salamis, Magellan) launching from drydock, Zeon scientists with schematics of reactors/cannons, asteroid base being moved."
ジオン研究開発本部設立、小型ミノフスキー炉量産型完成,0071,,,31,ジオンが研究開発本部を設立し、小型化されたミノフスキー核融合炉の量産型を完成。モビルスーツの実用化へ向けた重要な一歩。,No (31),"Futuristic research lab interior, scientists examining a small glowing object (reactor), busy engineering scene."
ジオン、小惑星基地アクシズを建設,0072,,,32,ジオン公国が小惑星帯に大規模な基地「アクシズ」の建設を開始。長期的な戦略拠点となる。,No (32),"Large asteroid being hollowed out and built into a base, construction machinery, space environment."
連邦軍初のMS RX-75ガンタンク完成,0073,,,33,地球連邦軍が最初のモビルスーツ、局地戦闘用モビルタンクのRX-75ガンタンクを完成させる。,No (33),"Tank-like mobile suit with arms or unique features, testing grounds on Earth or Moon, military personnel observing."
ジオン第1次木星船団帰還、MS技術進展,0074,,,34,ジオン第1次木星船団が帰還。ジオンはミノフスキー核融合炉搭載のMS-05試作機を完成させるなど、MS技術をさらに進展。,No (34),"Fleet of ships returning to a colony port, celebration or welcoming committee, Zaku I prototype with glowing parts (reactor)."
ジオン MS-05ザクI量産開始、ムサイ級就役,0075,,,35,ジオンがMS-05ザクIの量産を開始し、初の宇宙巡洋艦ムサイ級を就役させる。軍事力が具体化。,No (35),"Production line of Zaku I mobile suits, sleek space cruiser launching, busy shipyard."
ジオン 地球侵攻用MS開発、連邦 MS技術入手,0076,,,36,ジオンは地球侵攻を視野に入れた様々なMS開発開始。連邦は破損したザクを入手しMS技術の研究を始める。ジオンはMS訓練部隊設立。,No (36),"Different mobile suit designs sketched or prototyped (e.g., amphibious MS), EFSF scientists examining a damaged Zaku, pilots training in simulators."
ミノフスキー博士連邦に亡命、ジオンMS実戦投入,0077,,,37,ミノフスキー博士が地球連邦に亡命。ジオンのMS-05ザク部隊がサイド6の紛争で初めて実戦投入される。連邦もジオンMS技術を入手し始める。,No (37),"Scientist being secretly transported, Zaku I in combat in a colony interior, EFSF personnel examining MS wreckage."
一年戦争前夜、MS開発競争激化,0078,,,38,ジオンは改良型ザクIIの量産を開始し国家総動員令を発令。連邦はRX-78ガンダムを完成、ジムの量産開始。両軍のMS開発・配備が進み緊張が高まる。,No (38),"Enhanced Zaku II on a production line, RX-78 Gundam in a lab or hangar, RGM-79 GMs lined up, soldiers being mobilized, two stern figures (Dozle/Kycilia) with different symbols."
一年戦争勃発、ジオン宣戦布告,0079,1,3,39,ジオン公国が地球連邦政府に独立と宣戦布告。NBC兵器を使った奇襲攻撃で宇宙コロニーに甚大な被害を与え、28億人が犠牲になる。,No (39),"Large space fleet under attack, explosions on colonies, chaotic battle scene, depicting the sudden and brutal start of war."
ブリティッシュ作戦開始,0079,1,4,40,ジオンはブリティッシュ作戦を開始し、サイド2のコロニー「アイランド・イフィッシュ」を地球に落下させる。一週間戦争と呼ばれる激しい戦闘が続く。,No (40),"Huge space colony descending towards Earth, ships attacking it, explosions in space."
連邦軍、落下中のコロニー迎撃開始,0079,1,6,41,地球連邦軍の艦隊が、地球への落下コースに入ったコロニー「アイランド・イフィッシュ」に対する迎撃作戦を開始する。,No (41),EFSF battleships firing weapons upwards at a large object in atmosphere.
ニューギニア防空基地での戦闘,0079,1,8,42,地球上での戦闘が始まり、ジオン軍がニューギニアの連邦軍防空基地を攻撃。地上での支配領域拡大を目指す。,No (42),"Ground battle scene, anti-aircraft guns firing, mobile suits (likely Zakus) attacking a base in a jungle or tropical setting."
アイランド・イフィッシュ 落下阻止限界点を超える,0079,1,9,43,地球への落下が確定したコロニー「アイランド・イフィッシュ」が、これ以上軌道修正が不可能な点を超える。迎撃失敗を決定づける。,No (43),"Colony viewed from space, on a trajectory towards Earth, showing unstoppable motion, perhaps with failed interceptor trails."
アイランド・イフィッシュ シドニーに落下,0079,1,10,44,落下中のコロニー「アイランド・イフィッシュ」が大気圏で分解し、前端部分がオーストラリアのシドニーに激突。都市は壊滅し気候変動を引き起こす。,No (44),"Massive explosion and shockwave over a coastal city (Sydney Opera House visible but damaged), dark clouds, depicting widespread devastation."
サイド6 中立を宣言,0079,1,11,45,コロニー落としなどにより戦争の激化を目の当たりにしたサイド6が、地球連邦、ジオン公国のどちらにも与しない中立を宣言する。,No (45),"Colony exterior with a white flag or symbol of neutrality, representatives signing a document, contrasting with distant war scenes."
ジオン宇宙攻撃軍 サイド5侵攻（ルウムへ）,0079,1,13,46,ドズル・ザビ中将率いるジオン宇宙攻撃軍が、地球連邦軍の拠点に近いサイド5（ルウム）への侵攻を開始。次なる大規模作戦を計画。,No (46),"Large fleet of Zeon warships (Musai class) advancing towards a cluster of colonies (Side 5), preparing for battle."
連邦軍第1連合艦隊、ルウムへ出撃,0079,1,14,47,レビル中将率いる地球連邦軍の主力艦隊が、ジオン軍のサイド5侵攻に対抗するため、ルナツー基地からルウム宙域へ向けて出撃する。,No (47),"Large fleet of EFSF warships (Salamis, Magellan) leaving a space base (Luna Two), heading into deep space."
ルウム戦役,0079,1,15,48,ルウム宙域でジオン、連邦両軍の大会戦発生。ジオンMS部隊が連邦艦隊に大打撃を与え、レビル中将が捕虜に。「ヨルムンガンド」試験使用。サイド5崩壊、犠牲者多数。,No (48),"Chaotic space battle, mobile suits (Zakus) destroying warships, explosions, large cannon firing, depicting the scale and brutality of the battle."
連邦軍 レビル中将奪還作戦開始,0079,1,22,49,捕虜となったレビル中将を救出するため、地球連邦軍は秘密裏に奪還作戦を開始。彼の存在は連邦にとって重要。,No (49),"Small team of soldiers in stealth gear, infiltrating a Zeon base or ship, under darkness or cover."
ジオン公国、休戦条約を提案,0079,1,28,50,ルウム戦役での勝利後、ジオン公国はサイド6を仲介役として地球連邦政府に休戦条約締結を提案。戦争の早期終結を目指す動き。,No (50),"Representatives from different factions in a neutral location (Side 6), discussing at a table, atmosphere of tension."
レビル中将帰還、「ジオンに兵なし！」演説,0079,1,30,51,ジオンの捕虜から奇跡的に脱出したレビル中将が、連邦軍に帰還。「ジオンに兵なし！」と演説し、徹底抗戦を呼びかけ士気を高める。,No (51),"Military general giving a passionate speech on a podium, large audience of soldiers and civilians, inspiring atmosphere."
南極条約締結、休戦交渉決裂,0079,1,31,52,南極で地球連邦、ジオン公国の間で条約が締結され、NBC兵器の使用禁止などが決定。しかし根本的な休戦交渉は決裂し、戦争は継続。,No (52),"Formal meeting scene in a cold, snowy location (Antarctica), representatives in uniform signing a document, but with stern or unhappy expressions."
ジオン軍 地球侵攻開始,0079,2,7,53,ジオン公国軍は宇宙での優位を背景に、地球上の重要拠点制圧を目指し本格的な地球侵攻作戦を開始する。,No (53),"Numerous landing ships or descent vehicles entering Earth's atmosphere, mobile suits being deployed from space to ground."
第1次地球降下作戦開始,0079,3,1,54,ジオン公国軍による大規模な地球降下作戦が開始される。地上の重要都市や資源地帯の制圧を目指す。,No (54),"Massive number of Zeon descent vehicles landing on Earth's surface, mobile suits emerging, battle lines forming."
第2次地球降下作戦開始,0079,3,11,55,ジオン公国軍によるさらなる地球降下作戦が実施される。占領地域を拡大し、地球連邦軍を圧迫。,No (55),"More landing operations happening, different locations on Earth map being highlighted as captured, ground forces advancing."
ジオン軍 北米カリフォルニアベースを制圧,0079,3,13,56,ジオン軍が北米の重要拠点である地球連邦軍カリフォルニアベースを制圧。地球上の支配領域を拡大し、戦略的優位を築く。,No (56),"Zeon flag being raised over a captured military base (California Base), destroyed EFSF vehicles, triumphant Zeon soldiers/MS."
第3次地球降下作戦開始,0079,3,18,57,ジオン公国軍による最終的な地球降下作戦が開始。主要な戦力を地上へ移し、地球連邦軍本部ジャブロー制圧などを視野に入れる。,No (57),"Final wave of descent, different types of mobile suits for ground combat (Dom), large scale invasion map."
連邦軍 V作戦・ビンソン計画開始,0079,4,1,58,地球連邦軍は巻き返しを図るため、新型MS開発の「V作戦」と艦隊再建の「ビンソン計画」を始動。戦況の転換点へ。,No (58),"Blueprints or schematics of new mobile suits and warships, engineers and officers discussing strategy, symbol of hope or resurgence."
ジオン軍 モビルタンク地上試験,0079,5,9,59,ジオン軍が地上での戦闘に特化したモビルタンクの実用試験を行う。様々な地上用兵器を開発。,No (59),"Tank-like vehicle with arms or unique features, testing on rough terrain, engineers observing data."
宇宙要塞ソロモン完成,0079,5,17,60,ジオン公国が宇宙要塞ソロモンを完成させ、ドズル・ザビ中将が司令官に就任。ジオンの宇宙防衛線の中核となる巨大拠点。,No (60),"Massive space fortress structure, shaped like a star, docked warships, Dozle Zabi looking determined."
宇宙要塞ア・バオア・クー完成,0079,6,30,61,ジオン公国が最終防衛線となる宇宙要塞ア・バオア・クーを完成。ソロモン、グラナダと共に本国を防衛する拠点群が揃う。,No (61),"Another massive space fortress structure, different shape than Solomon, part of a larger defense line shown on a strategic map."
ミネバ・ラオ・ザビ誕生,0079,9,2,62,ザビ家嫡流であるドズル・ザビの娘、ミネバ・ラオ・ザビが誕生。後の宇宙世紀の歴史で重要な役割を果たす。,No (62),"Infant or young child in a rich environment, perhaps held by Dozle Zabi, looking innocent."
ホワイトベース、ジャブローを出港,0079,9,15,63,連邦軍のペガサス級強襲揚陸艦ホワイトベースが、新型モビルスーツ受領のため南米ジャブロー基地からサイド7へ出発。,No (63),"Distinctive white spaceship launching from an underground base (Jaburo), jungle environment visible."
ガンダム大地に立つ！！,0079,9,18,64,シャア率いるジオンMS隊がサイド7を攻撃。V作戦の試作機ガンダムに民間人アムロ・レイが搭乗し、史上初のMS戦となる。ホワイトベースが被災者を収容し脱出。,No (64),"Tall white mobile suit (RX-78-2 Gundam) standing over wreckage in a colony interior, young man (Amuro) in cockpit, Zaku II attacking."
ガルマ・ザビ、シャアの策略で戦死,0079,10,4,65,地球攻撃軍司令官ガルマ・ザビが、ニューヨークでのホワイトベース追撃中にシャアの策略により戦死。ザビ家内に波紋を広げる。,No (65),"Char Aznable with a smirking expression, Garma Zabi's damaged plane or vehicle exploding, urban environment (New York) below."
ガルマ国葬、ギレン演説、「坊やだからさ」,0079,10,6,66,サイド3でガルマ・ザビの国葬。ギレン・ザビが地球圏全体に向けた有名な演説を行う。ランバ・ラル隊がホワイトベース追撃のため地球へ降下。,No (66),"Large crowd attending a funeral ceremony, figure (Gihren) giving a speech with a powerful pose, mobile suits (Zaku I) descending to Earth."
ホワイトベース日本へ,0079,10,7,67,各地を転戦したホワイトベースが、地球の日本列島・山陰地方に到着。新たな戦場となる。,No (67),"White Base landing or hovering over a mountainous or coastal area of Japan, traditional Japanese landscape."
レビル将軍、オデッサ作戦準備を急ぐ,0079,10,11,68,連邦軍のレビル将軍が、ヨーロッパの重要拠点オデッサを奪還するための大規模作戦「オデッサ作戦」の準備を本格化させる。,No (68),"Military headquarters map room, officers pointing at maps of Europe, General Revil looking urgent."
ランバ・ラル戦死,0079,11,5,69,ホワイトベース追撃の任務を受けたジオン軍のランバ・ラル大尉が、戦闘中に戦死。敵ながら多くの人々に影響を与えたベテランパイロットの死。,No (69),"Iconic blue mobile suit (Gouf) in battle, figure of Ramba Ral looking determined or at peace in final moments, explosion or damaged suit."
連邦軍 オデッサ作戦開始,0079,11,7,70,地球連邦軍が、ジオン軍の占領するヨーロッパの資源地帯オデッサを奪還するため大規模反攻作戦を開始。地上での戦況を大きく変える。,No (70),"Massive ground battle scene, numerous EFSF mobile suits and vehicles advancing against Zeon positions in a mining or industrial area."
連邦軍 オデッサ作戦で勝利、マ・クベ脱出,0079,11,9,71,連邦軍はオデッサ作戦で勝利し、重要拠点を奪還。ジオンのマ・クベ少佐は敗北を悟り、希少な鉱物を携え宇宙へ脱出する。,No (71),"EFSF soldiers raising flag over a captured base, figure (M'Quve) in a space ship leaving, crates of valuable material."
ジオン軍 ジャブロー攻撃失敗,0079,11,30,72,ジオン軍が南米の地球連邦軍総司令部ジャブローへの攻撃を試みるが、強固な防御と迎撃により失敗。地上戦の転換点となる。,No (72),"Massive underground base entrance, large number of attacking mobile suits being repelled by defending forces, intense close-quarters combat."
ソロモン攻略戦（チェンバロ作戦）,0079,12,24,73,地球連邦軍が宇宙要塞ソロモンへの総攻撃を開始。ソーラーシステム兵器を投入し、ソロモンは陥落。司令官ドズル・ザビは戦死する。,No (73),"Massive space battle around a star-shaped fortress (Solomon), powerful beam weapon firing (Solar System), giant mobile suit (Big Zam) fighting."
ポケットの中の戦争勃発（クリスマス作戦）,0079,12,25,74,サイド6のリボーコロニーで、ジオンのバーナード・ワイズマン伍長が連邦の新型ガンダムNT-1と交戦、これを大破させるが戦死。中立地帯での悲劇。,No (74),"Mobile suits (Zaku II FZ, Gundam NT-1) fighting in a snowy, suburban colony street, civilian child nearby, atmosphere of quiet tragedy."
連邦軍 星一号作戦開始,0079,12,29,75,地球連邦軍は一年戦争終結を目指し、ジオン本国や最終防衛線への大規模な最終攻勢「星一号作戦」を発動する。,No (75),"Large fleet of EFSF warships and mobile suits advancing into deep space, strategic map showing the path towards Zeon home territory."
ソーラー・レイ発射、デギン・レビル戦死,0079,12,30,76,ジオン軍が戦略兵器ソーラー・レイを発射し、連邦艦隊に大損害を与える。和平を図ったデギン・ザビ公王とレビル将軍は、ソーラー・レイの光条に巻き込まれ戦死。,No (76),"Gigantic beam weapon (Solar Ray) firing from space, massive flash of light encompassing multiple warships, two figures representing Degwin and Revil disappearing in light."
ア・バオア・クー攻防戦,0079,12,31,77,一年戦争最後の激戦、宇宙要塞ア・バオア・クーでの攻防戦。ギレン、キシリア両ザビが死亡。ホワイトベース撃沈。要塞は連邦の手に落ちる。,No (77),"Intense space battle around a fortified asteroid base (A Baoa Qu), numerous mobile suits from both sides fighting, explosions, damaged White Base."
一年戦争終結、停戦協定締結,0080,1,1,78,サイド6仲介により、月面のグラナダ基地で地球連邦政府とジオン共和国の間で停戦協定が締結。一年戦争が正式に終結。ジオン残党はアクシズへ向かう。,No (78),"Representatives shaking hands over a table, documents being signed, peaceful scene contrasting with previous battle images, spaceships (incl. Gwadan) heading towards asteroid belt."
連邦軍本格的な動員解除、NT研究進む,0080,2,,79,一年戦争終結を受け、連邦軍が本格的な軍縮を開始。一方で、世界各地の研究所では強化人間やサイコミュ搭載MSの研究が進められる。,No (79),"Soldiers returning home, military bases being scaled down, scientists working in labs with strange equipment, figures connected to machines."
ジオン残党アクシズ到着、連邦 ガンダム開発計画開始,0081,3,28,80,一年戦争を戦ったジオン公国軍残党が、小惑星帯の基地アクシズに到着し勢力維持を図る。連邦軍は秘密裏にガンダム開発計画を開始。,No (80),"Fleet of Zeon ships arriving at a large asteroid base (Axis), scientists or engineers looking at blueprints labeled 'Gundam Development Project'."
連邦軍 RX-78GP01ゼフィランサス完成,0082,,,81,地球連邦軍のガンダム開発計画により、試作機のRX-78GP01「ゼフィランサス」が完成。後のデラーズ紛争で重要な役割を果たす。,No (81),"Sleek white mobile suit (Gundam GP01) standing in a hangar, military personnel inspecting it, representing advanced technology."
ハマーン・カーン ミネバ摂政に就任,0083,8,11,82,アクシズで、ハマーン・カーンが幼いミネバ・ザビの摂政となり、デラーズ・フリートの行動を支持する。ネオ・ジオンの指導者へ。,No (82),"Regal woman (Haman Karn) with a young child (Mineva Zabi), in a formal setting on Axis base, looking authoritative."
アナハイム・エレクトロニクス ガンダム試作2号機をロールアウト,0083,9,18,83,アナハイム・エレクトロニクス社が、核弾頭を搭載可能なガンダム試作2号機（サイサリス）を完成させる。危険な兵器の開発。,No (83),"Dark, bulky mobile suit (Gundam GP02A Physalis) in a dimly lit hangar, ominous presence, engineers looking nervous."
アナハイム・エレクトロニクス ガンダム試作1号機をロールアウト,0083,9,29,84,アナハイム・エレクトロニクス社が、ガンダム開発計画の試作機RX-78GP01「ゼフィランサス」を正式にロールアウト。実戦配備へ向けた段階に進む。,No (84),"Sleek white mobile suit (Gundam GP01) being revealed or moved out of a factory, crowd of engineers and military personnel watching."
アナハイム・エレクトロニクス ガンダム試作3号機をロールアウト,0083,10,4,85,アナハイム・エレクトロニクス社が、巨大なアームドベースを備えたガンダム試作3号機（デンドロビウム）を完成させる。戦略級の機動兵器。,No (85),"Large mobile suit with a massive weapon platform attached (Gundam GP03 Dendrobium), complex machinery, impressive and powerful appearance."
アナベル・ガトー地球へ降下,0083,10,9,86,「ソロモンの悪夢」と呼ばれるジオンの ace pilot、アナベル・ガトー少佐が地球へ降下。デラーズ・フリートの作戦を開始。,No (86),"Mobile suit (likely Rick Dom or Gelgoog) descending through atmosphere, figure of Gato looking determined, fiery re-entry."
デラーズ紛争勃発（星の屑作戦開始）,0083,10,13,87,エギーユ・デラーズ率いるデラーズ・フリートが「星の屑作戦」を開始。アナベル・ガトーがトリントン基地から核搭載のガンダム試作2号機を強奪。コウ・ウラキ少尉が配属されたアルビオンが到着。,No (87),"Mobile suit (GP02A) being stolen from a military base, alarm sirens, ship (Albion) arriving, chaos."
アルビオン GP02奪還命令、コウ・ウラキ出撃,0083,10,14,88,連邦軍強襲揚陸艦アルビオンはGP02奪還任務を受ける。コウ・ウラキ少尉が配属され、ガンダム試作1号機でガトーを追撃。最初の阻止を試みる。,No (88),"Young man (Kou Uraki) in a pilot suit looking determined, sleek mobile suit (GP01) launching from Albion ship hangar."
キンバライト基地の戦い,0083,10,23,89,アフリカのキンバライト基地でデラーズ・フリートと連邦軍が交戦。ガトーは宇宙へ脱出。連邦軍のノイエン・ビッター少将が戦死。,No (89),"Ground battle in a desert or rocky environment, mobile suits fighting, military base under attack, figure falling."
シーマ・ガラハウ デラーズ・フリートに合流,0083,10,25,90,元ジオン軍の士官で、海賊行為なども行っていたシーマ・ガラハウ中佐が、自身の部隊と共にデラーズ・フリートに加わる。,No (90),"Woman with distinctive hairstyle (Cima Garahau) on the bridge of her ship, looking calculating, fleet of unique mobile suits (Garma Zakus or Gelgoog Marines)."
デラーズ・フリート 連邦に宣戦布告,0083,10,31,91,エギーユ・デラーズは正式に地球連邦政府に対し宣戦布告を行う。一年戦争の雪辱を果たすための戦いが始まる。,No (91),"Figure (Delaz) making a broadcast or speech, ships lined up behind him, declaring intent to fight."
ガトー 核攻撃、観艦式を襲撃,0083,11,10,92,ガトーはガンダム試作2号機から核弾頭を発射し、地球連邦軍の観艦式を壊滅させる。シーマ艦隊はスペースコロニーを強奪。GP01とGP02が激戦の末大破。,No (92),"Nuclear explosion in space near a large formation of warships, mobile suits (GP01, GP02) locked in intense combat, massive colony being towed."
コロニー落とし実行、デラーズ紛争終結,0083,11,11,93,デラーズ・フリートは強奪したコロニーを地球へ落下させようとするが、連邦軍のソーラーシステムIIやGP03の迎撃を受ける。作戦は失敗しコロニーは北米へ。デラーズ艦隊は壊滅、主要人物が戦死。,No (93),"Massive space colony falling towards Earth, giant mobile weapons (GP03, Neue Ziel) fighting near it, large beam (Solar System II) firing, dramatic final battle scene."
バスク・オム地球至上主義を演説,0083,11,16,94,地球連邦軍のバスク・オム大佐が、地球居住者こそが優位であるという地球至上主義を公言する。後のティターンズ設立を予感させる。,No (94),"Stern-faced military officer (Bask Om) giving a speech to a crowd or on a broadcast, looking menacing, symbolizing hardline stance."
地球連邦軍 ティターンズを結成,0083,12,4,95,ジャミトフ・ハイマンの提唱により、地球連邦軍内部に、スペースノイドへの弾圧などを目的とする地球圏治安維持部隊「ティターンズ」が結成される。元ジオン兵への狩りが激化。,No (95),"Dark-colored mobile suits or warships (Titans colors), intimidating military personnel in distinctive uniforms, depicting a new, oppressive force."
デラーズ紛争の真相隠蔽、コウ・ウラキ罪状消滅,0084,3,10,96,デラーズ紛争におけるコロニー落下の真相と、ガンダム開発計画の存在が地球連邦政府により公式記録から抹消される。コウ・ウラキの罪状も消滅。,No (96),"Documents being shredded or burned, computer screens being wiped, official stamp marked 'Classified' or 'Erased'."
シャア・アズナブル、クワトロ・バジーナとして帰還,0084,9,21,97,一年戦争を生き延びたシャア・アズナブルが、クワトロ・バジーナ大尉という偽名で地球圏に潜入。連邦軍に身分を偽って潜り込む。,No (97),"Man with sunglasses (Quattro Bajeena) in a Federation uniform, looking discreet or watchful, hinting at a hidden identity."
30バンチ事件発生、エゥーゴ活発化,0085,7,31,98,ティターンズがサイド1の30バンチ・コロニーに毒ガスを注入し、住民を虐殺する非人道的な事件が発生。これに対抗する反連邦組織エゥーゴが活動を本格化。,No (98),"Empty colony interior, gas spreading, symbol of Titans, symbol of AEUG appearing, depicting atrocity and resistance."
グリプスII サイド7に建設,0085,9,8,99,巨大なコロニーレーザーとしても使用可能な戦略拠点グリプスIIが、サイド7に建設される。後のグリプス戦役の重要拠点となる。,No (99),"Large space station under construction near a colony cluster, showing its scale and potential power."
アクシズ 地球圏へ出発,0086,2,6,100,ジオン残党の拠点である小惑星アクシズが、地球圏に向けて移動を開始。新たな勢力として紛争に関与する準備を進める。,No (100),"Large asteroid base (Axis) moving through space, propulsion flares, fleet of ships accompanying it."
グリプス戦役勃発、ガンダムMk-II強奪,0087,3,2,101,サイド7でエゥーゴがカミーユ・ビダンの協力でティターンズの試作機ガンダムMk-II 3機を強奪。カミーユもエゥーゴに参加。事実上のグリプス戦役開始。,No (101),"Blue mobile suit (Gundam Mk-II) being stolen from a base, a young man (Camille Bidan) in a cockpit looking shocked or determined, Titans soldiers reacting."
グリプス戦役激化、三つ巴の戦い,0087,,,102,エゥーゴ、ティターンズ、そして帰還したアクシズ（ネオ・ジオン）の三つ巴の激しい戦いが地球圏で繰り広げられる。コロニーレーザーや毒ガスなど非人道的な兵器が使用される。,No (102),"Space battle scene with distinct mobile suits from three factions (AEUG, Titans, Axis/Neo Zeon), large beam weapon firing (Colony Laser), multiple battles depicted."
グリプス戦役終結、第一次ネオ・ジオン抗争開始,0088,,,103,グリプス戦役が最終局面を迎え、ティターンズは壊滅。パプテマス・シロッコ、エマ・シーン戦死、クワトロ行方不明、カミーユ精神崩壊。アクシズはネオ・ジオンを名乗り独立宣言。ジュドー・アーシタがZZガンダムのパイロットとなり、ハマーン率いるネオ・ジオンとの抗争へ。,No (103),"Culmination of large space battles, different types of mobile suits (Zeta, The O, Qubeley), young man (Judau Ashta) getting into a large transforming mobile suit (ZZ Gundam), woman (Haman Karn) looking authoritative."
ネオ・ジオン地球侵攻、ダブリンにコロニー落とし,0088,,,104,ハマーン・カーン率いるネオ・ジオンが地球侵攻を開始。連邦議会のあるダカールを占領。アイルランドのダブリン市にスペースコロニーを落下させ甚大な被害を与える。ネオ・ジオン内部ではグレミー・トトが反乱。,No (104),"Neo Zeon mobile suits descending to Earth, colony falling towards a city (Dublin), internal conflict scene within a base, figure (Glemmy Toto) challenging Haman."
第一次ネオ・ジオン抗争終結,0089,1,,105,ネオ・ジオンの内乱とエゥーゴ（ネェル・アーガマ隊）の戦闘が最終局面に。グレミー、マシュマー戦死。アクシズとコア3衝突。ジュドーとの激戦の末ハマーン・カーン戦死。ミネバ行方不明。第一次ネオ・ジオン抗争終結。,No (105),"Final battle scene in space, ZZ Gundam vs Qubeley, massive space structures colliding (Axis/Core 3), figure (Haman) looking defiant in her final moments."
木星エネルギー輸送再開、ジュドー木星へ,0089,,,106,第一次ネオ・ジオン抗争終結後、木星エネルギー輸送が再開。ジュドー・アーシタとルー・ルカは木星圏へ旅立つ。連邦は宇宙移民への締め付けを強化。,No (106),"Large spaceship (Jupiter fleet) traveling towards Jupiter, two young people (Judau, Lou) on board looking towards the future, contrasting with scene of government officials discussing sanctions."
ロンド・ベルとネオ・ジオン残党の交戦,0090,,,107,地球連邦軍の外郭新興部隊「ロンド・ベル」が、各地に残るネオ・ジオン残党との散発的な交戦を繰り返す。戦火のくすぶる時代。,No (107),Distinctive EFSF battleship (Londo Bell ship like Ra Cailum) engaged in skirmish with remnants' mobile suits in space.
シャア率いるネオ・ジオン、スウィート・ウォーター占拠,0092,12,22,108,シャア・アズナブルが再びネオ・ジオンを率い、コロニー「スウィート・ウォーター」を占拠。地球連邦軍はロンド・ベル隊を増強し警戒を強める。,No (108),"Masked figure (Char Aznable) standing in front of Neo Zeon soldiers/mobile suits, colony exterior with Neo Zeon flag, Londo Bell ships gathering."
シャア・アズナブル、事実上の宣戦布告,0093,2,27,109,ネオ・ジオン総帥シャア・アズナブルがインタビュー番組に出演し、地球連邦に対する事実上の宣戦布告ともとれる発言を行う。,No (109),"Figure (Char) giving an interview on a screen or stage, looking serious and determined, camera crews, audience watching."
ネオ・ジオン軍 スウィート・ウォーターより出発,0093,3,3,110,地球寒冷化作戦実行のため、シャア率いるネオ・ジオン軍が占拠していたコロニー「スウィート・ウォーター」から出撃。作戦の第一歩。,No (110),"Numerous Neo Zeon warships and mobile suits launching from a colony port (Sweet Water), heading towards asteroid belt."
ネオ・ジオン フィフス・ルナをラサに落下,0093,3,4,111,ネオ・ジオン軍は小惑星フィフス・ルナを地球のチベット・ラサに落下させる。犠牲を伴う過激な手段で地球連邦に揺さぶりをかける。,No (111),"Large asteroid fragment hitting a mountainous region (Tibet), massive explosion and dust cloud, representing a deliberate attack on Earth."
ネオ・ジオンと連邦軍、ロンドニオンで和平交渉,0093,3,6,112,事態打開のため、サイド1のロンドニオンでネオ・ジオンと地球連邦政府の間で和平交渉が行われる。しかし、シャアの真意は別の場所にあった。,No (112),"Representatives from Neo Zeon (Char) and EFSF (perhaps Chan Agi) meeting in a formal room in a colony (Londenion), tense atmosphere."
シャアの反乱終結（アクシズ・ショック）,0093,3,12,113,シャアは小惑星アクシズを地球に落下させ地球を寒冷化させようとする。アムロ・レイのνガンダムらの活躍によりアクシズ落下は阻止（アクシズ・ショック）。シャア、アムロ両名が行方不明となり第二次ネオ・ジオン抗争終結。,No (113),"Massive asteroid (Axis) near Earth, glowing mobile suit (ν Gundam) pushing against it with psychic energy, swirling light and energy, many other mobile suits watching, dramatic and miraculous event."
グリプス戦役後、小規模紛争続く,0094,,,114,第二次ネオ・ジオン抗争終結後も、各地でティターンズ残党やその他の武装勢力による小規模な紛争が発生。地球圏の不安定な状況が続く。,No (114),"Skirmishes between various mobile suits (perhaps older models or unique designs), depicting scattered conflicts in space or on colonies."
ラプラス事件の再訪、バーナム動乱発生,0096,,,115,宇宙世紀の始まりとなったラプラス事件が「ラプラスの箱」を巡る物語として再びクローズアップされる。バーナム動乱と呼ばれる事件も発生。,No (115),"Symbolic image of the Laplace box glowing, mobile suit (Unicorn Gundam) in a mysterious setting, depicting hidden truths and new conflicts."
ユニコーンガンダム3号機「フェネクス」を巡る事件（不死鳥狩り）,0097,,,116,金色の機体ユニコーンガンダム3号機「フェネクス」を巡り、「不死鳥狩り」と呼ばれる事件が発生。ニュータイプやNT-Dシステムに関する物語が展開。,No (116),"Golden mobile suit (Gundam Phenex) flying or fighting in space, emitting light or psycho-frame energy, depicting advanced technology and mysterious power."
ヌーベル・エッスパーとネオ・ジオン、月面発電所占拠,0099,,,117,ヌーベル・エッスパーとネオ・ジオン残党の合同部隊が月面のシッガルト発電所を占拠。地球連邦軍との新たな紛争が発生する。,No (117),"Mobile suits attacking or occupying a large structure on the moon (power plant), fighting against EFSF forces, dusty moon surface environment."
ジオン共和国 自治権放棄、紛争終結宣言,0100,,,118,ジオン共和国が自治権を放棄し、地球連邦の管轄下に入る。地球連邦政府はこれをもって大きな紛争の一つの区切りと宣言する。,No (118),"Representatives signing a document of surrender or agreement, flag of Zeon Republic being lowered or replaced by EFSF flag, atmosphere of formal conclusion."
